"country","year","dname","median","mima5_dhi","pl","pl_origin","pr","n_obs","total_pop","n_poor"
"Canada",1985,"ca85",25111.527113474,25111.527113474,12555.763556737,"mima5_dhi",0.137564375152674,95641,25389066,3492631
"Canada",1986,"ca86",26071.464792781,26071.464792781,13035.7323963905,"mima5_dhi",0.122033682508013,85712,25730388,3139974
"Canada",1987,"ca87",26397.5613892196,26424.1497003908,13212.0748501954,"mima5_dhi",0.12150115847848,91944,26024221,3161973
"Canada",1988,"ca88",27043.6294905604,26838.904198483,13419.4520992415,"mima5_dhi",0.118071860253709,82793,26365952,3113077
"Canada",1989,"ca89",27496.5657159191,26815.5733007659,13407.786650383,"mima5_dhi",0.106950138347775,104650,26730101,2858788
"Canada",1990,"ca90",27185.2996039347,26787.9635022623,13393.9817511312,"mima5_dhi",0.117484166388832,115101,27147471,3189398
"Canada",1991,"ca91",25954.8103041958,26510.7991478071,13255.3995739035,"mima5_dhi",0.126693568674004,106313,27556308,3491207
"Canada",1992,"ca92",26259.5123967016,26227.3401833528,13113.6700916764,"mima5_dhi",0.120030980987246,98064,27968121,3357041
"Canada",1993,"ca93",25657.807718284,25974.4998183492,12987.2499091746,"mima5_dhi",0.124983084803994,97260,28384241,3547550
"Canada",1994,"ca94",26079.2708936479,25692.6802741235,12846.3401370617,"mima5_dhi",0.113744059699349,97973,28794418,3275194
"Canada",1995,"ca95",25921.0977789169,25387.5019354016,12693.7509677008,"mima5_dhi",0.113134794480189,85049,29135926,3296287
"Canada",1996,"ca96",24545.7125830669,25370.2268940836,12685.1134470418,"mima5_dhi",0.132644100640326,79020,28868912.4131,3829290.9235
"Canada",1997,"ca97",24733.6207030925,25379.0204946632,12689.5102473316,"mima5_dhi",0.128256223854523,79001,29104363.5616,3732815.7681
"Canada",1998,"ca98",25571.4325116938,25507.5238317015,12753.7619158507,"mima5_dhi",0.122848113423845,79433,29318916.3693,3601773.5636
"Canada",1999,"ca99",26123.2388965459,26118.2153914626,13059.1076957313,"mima5_dhi",0.119758980039368,74174,29693589.9966,3556074.0517
"Canada",2000,"ca00",26563.6144641082,26749.7156102598,13374.8578051299,"mima5_dhi",0.124039924159758,72850,29988472.9864,3719767.9149
"Canada",2001,"ca01",27599.1703818728,27212.0274048585,13606.0137024292,"mima5_dhi",0.118756629453733,74398,30321453.0352,3600873.5626
"Canada",2002,"ca02",27891.1217970782,27636.5724163704,13818.2862081852,"mima5_dhi",0.124017537200114,70639,30610997.0179,3796300.4614
"Canada",2003,"ca03",27882.9914846872,28155.6183366765,14077.8091683382,"mima5_dhi",0.131819046755812,71418,30893154.9865,4072306.2416
"Canada",2004,"ca04",28245.9639541058,28528.5412005076,14264.2706002538,"mima5_dhi",0.133267503947825,68542,31174918.9842,4154603.6388
"Canada",2005,"ca05",29158.8440656385,29079.3839979506,14539.6919989753,"mima5_dhi",0.127729610931598,66010,31516412.991,4025579.1693
"Canada",2006,"ca06",29463.7847010282,29735.8704255756,14867.9352127878,"mima5_dhi",0.125055315788703,66646,31853379.9989,3983434.4947
"Canada",2007,"ca07",30645.3357842935,30329.4527797332,15164.7263898666,"mima5_dhi",0.116723577595818,64783,32194011.0156,3757800.1429
"Canada",2008,"ca08",31165.4236228118,30830.0546021777,15415.0273010889,"mima5_dhi",0.123472764205633,60898,32567047.0113,4021143.3165
"Canada",2009,"ca09",31213.8757248941,31350.9867451027,15675.4933725513,"mima5_dhi",0.12923032118397,62116,32970037.997,4260728.5998
"Canada",2010,"ca10",31661.853177861,31734.6737965698,15867.3368982849,"mima5_dhi",0.126583459615367,60362,33324460.007,4218325.4375
"Canada",2011,"ca11",32068.4454156531,32085.8583977142,16042.9291988571,"mima5_dhi",0.12216658330335,57836,33666426.99,4112912.3574
"Canada",2012,"ca12",32563.7710416291,32467.8922032693,16233.9461016347,"mima5_dhi",0.132490681985032,57540,33682117.2013,4462566.6787
"Canada",2013,"ca13",32921.3466285338,32881.9822120554,16440.9911060277,"mima5_dhi",0.13569380849716,54483,34017360.8562,4615945.2496
"Canada",2014,"ca14",33124.0447526698,33165.4906454797,16582.7453227398,"mima5_dhi",0.126920769713281,55552,34432065.1795,4370144.2154
"Canada",2015,"ca15",33732.3032217915,33528.5951493474,16764.2975746737,"mima5_dhi",0.139256643931794,59730,34747526.6844,4838823.951
"Canada",2016,"ca16",33485.9875827743,33895.1788669821,16947.5894334911,"mima5_dhi",0.127359800715603,62149,35158296.4989,4477753.6356
"Canada",2017,"ca17",34379.2935609678,34306.0786670224,17153.0393335112,"mima5_dhi",0.121470152872818,91884,35555937.4501,4318985.1576
"Canada",2018,"ca18",34754.2652167073,34982.3518590248,17491.1759295124,"mima5_dhi",0.121934752990615,93936,36065191.4712,4397600.2136
"Canada",2019,"ca19",35178.5437528713,35617.9399249716,17808.9699624858,"mima5_dhi",0.118464861516966,72352,36481478.5343,4321773.3025
"Canada",2020,"ca20",37113.6691818034,37113.6691818034,18556.8345909017,"mima5_dhi",0.084518608289665,123135,36696967.5905,3101576.6292
"Canada",2021,"ca21",36663.9279125081,36663.9279125081,18331.9639562541,"mima5_dhi",0.0961340387547734,89511,37110618.0299,3567593.5919
"Germany",1985,"de85",23957.311177851,23957.311177851,11978.6555889255,"mima5_dhi",0.068865838777326,13956,60547419.65,4169648.84
"Germany",1986,"de86",25244.2328605763,25244.2328605763,12622.1164302881,"mima5_dhi",0.0655460681338439,13709,60811512.78,3985955.56
"Germany",1987,"de87",25835.6056920705,25746.1963536698,12873.0981768349,"mima5_dhi",0.0694943006647484,13069,60910434.23,4232928.03
"Germany",1988,"de88",26680.982337734,26559.9833823663,13279.9916911831,"mima5_dhi",0.0682017695119101,12645,61403151.56,4187803.59
"Germany",1989,"de89",27012.8497001169,26690.2132776251,13345.1066388125,"mima5_dhi",0.0553605516726605,12495,62752830.22,3474031.3
"Germany",1990,"de90",28026.2463213336,26776.0643952257,13388.0321976129,"mima5_dhi",0.0581652276411382,12490,62822346.24,3654076.07
"Germany",1991,"de91",25895.3823368704,26672.162832412,13336.081416206,"mima5_dhi",0.08481979116766,17921,80116894.73,6795498.28
"Germany",1992,"de92",26264.8612800738,26406.4046099776,13203.2023049888,"mima5_dhi",0.0769389905998116,17610,80849758.64,6220498.82
"Germany",1993,"de93",26161.4745236652,25928.8242539254,12964.4121269627,"mima5_dhi",0.0650184043279535,17216,81128517.91,5274846.78
"Germany",1994,"de94",25684.0585879451,25931.4980242182,12965.7490121091,"mima5_dhi",0.0844934692020219,17812,81486943.37,6885114.54
"Germany",1995,"de95",25638.3445410727,25770.1722216738,12885.0861108369,"mima5_dhi",0.0770481141956173,17424,81726197.01,6296849.36
"Germany",1996,"de96",25908.7511883341,25745.39766006,12872.69883003,"mima5_dhi",0.0723757705839832,17105,82005631.61,5935220.78
"Germany",1997,"de97",25458.2322673518,25943.4551970668,12971.7275985334,"mima5_dhi",0.0717986900715352,18860,81769376.63,5870934.13
"Germany",1998,"de98",26037.6017155961,26287.2008581421,13143.6004290711,"mima5_dhi",0.0673069193364097,18097,81896763.28,5512218.84
"Germany",1999,"de99",26674.3462729791,26464.787991963,13232.3939959815,"mima5_dhi",0.0711474419968366,31990,81906921.97,5827467.98
"Germany",2000,"de00",27357.0728464496,26855.6921921438,13427.8460960719,"mima5_dhi",0.0713713421941347,28890,82013041.37,5853380.84
"Germany",2001,"de01",26796.6868574382,27074.719205874,13537.359602937,"mima5_dhi",0.0786108008915699,30261,82204551.75,6462165.65
"Germany",2002,"de02",27412.7532682559,27176.876232516,13588.438116258,"mima5_dhi",0.076876034317822,28935,82285261.54,6325764.59
"Germany",2003,"de03",27132.7367842473,27077.3209531715,13538.6604765858,"mima5_dhi",0.0802842619603844,28060,82231105.31,6601863.6
"Germany",2004,"de04",27185.1314061888,27098.7922986315,13549.3961493158,"mima5_dhi",0.0822179858293771,26824,82170188.82,6755867.42
"Germany",2005,"de05",26859.2964497275,27040.7418107569,13520.3709053784,"mima5_dhi",0.0937887187333873,28791,82078800.35,7698065.52
"Germany",2006,"de06",26904.0435847381,27001.6892047868,13500.8446023934,"mima5_dhi",0.0895493125898074,26737,81951587.43,7338708.32
"Germany",2007,"de07",27122.5008288827,27059.2647946908,13529.6323973454,"mima5_dhi",0.0870378049395517,24999,81872974.45,7126043.98
"Germany",2008,"de08",26937.473754397,27219.4765325628,13609.7382662814,"mima5_dhi",0.0935350897665509,23338,81590346.03,7631560.34
"Germany",2009,"de09",27473.0093557085,27294.4426837487,13647.2213418743,"mima5_dhi",0.0939929213412552,37581,81356884.23,7646971.22
"Germany",2010,"de10",27660.3551390879,27309.7202844373,13654.8601422186,"mima5_dhi",0.0899163125599486,44132,79750508.51,7170871.65
"Germany",2011,"de11",27278.8743406671,27375.0174355019,13687.5087177509,"mima5_dhi",0.0871407291652531,42526,79839541.93,6957275.9
"Germany",2012,"de12",27198.8888323257,27416.6491613647,13708.3245806823,"mima5_dhi",0.093861857027337,47815,80061579.73,7514728.55
"Germany",2013,"de13",27263.9595097201,27576.5147937786,13788.2573968893,"mima5_dhi",0.0941692853241472,41636,80412486.13,7572386.35
"Germany",2014,"de14",27681.1679850225,27915.114509915,13957.5572549575,"mima5_dhi",0.098630312270935,41214,81035321.15,7992539.03
"Germany",2015,"de15",28459.6833011577,28376.5494742831,14188.2747371415,"mima5_dhi",0.0986136848921618,36940,81426771.13,8029793.95
"Germany",2016,"de16",28971.8729213491,29009.9363451089,14504.9681725545,"mima5_dhi",0.100730824814371,45720,82096466.65,8269644.8
"Germany",2017,"de17",29506.0636541659,29698.4495116088,14849.2247558044,"mima5_dhi",0.110166741425273,47899,82251488.36,9061378.45
"Germany",2018,"de18",30430.8938638494,30516.922365307,15258.4611826535,"mima5_dhi",0.10584021122889,48520,82500600.94,8731881.03
"Germany",2019,"de19",31123.7338175218,31178.0522079906,15589.0261039953,"mima5_dhi",0.114836929736013,50558,82886497.94,9518430.94
"Germany",2020,"de20",32552.0475696488,32552.0475696488,16276.0237848244,"mima5_dhi",0.119454636558744,31206,81409719.54,9724768.46
"Germany",2021,"de21",32277.5221347669,32277.5221347669,16138.7610673834,"mima5_dhi",0.117406454637922,50086,82782240.38,9719169.35
"United Kingdom",1985,"uk85",15049.0890771111,15049.0890771111,7524.54453855555,"mima5_dhi",0.0613802284984996,18206,56549823.999219,3471041.118622
"United Kingdom",1986,"uk86",15446.7598466621,15446.7598466621,7723.37992333104,"mima5_dhi",0.0654769662203113,18330,56750920.2316747,3715878.08698094
"United Kingdom",1987,"uk87",16428.7614297741,16454.0560673736,8227.02803368678,"mima5_dhi",0.0950672081720669,18735,56799654.000501,5399784.530967
"United Kingdom",1988,"uk88",17543.1823639799,17157.8972626073,8578.94863130365,"mima5_dhi",0.110979433007452,18280,56903792.999933,6315150.683106
"United Kingdom",1989,"uk89",17802.4876193406,17793.2981740438,8896.64908702192,"mima5_dhi",0.120692016544255,18590,57058909.002261,6886554.789298
"United Kingdom",1990,"uk90",18568.2950532798,18116.6897813585,9058.34489067927,"mima5_dhi",0.134879576203605,17437,57219609.000482,7717756.612521
"United Kingdom",1991,"uk91",18623.7644038448,18173.6212110205,9086.81060551026,"mima5_dhi",0.131591526726034,17089,57433922.999685,7557817.613394
"United Kingdom",1992,"uk92",18045.7194663475,18296.5495980606,9148.27479903028,"mima5_dhi",0.139874705885287,18174,57579567.000642,8053924.999217
"United Kingdom",1993,"uk93",17827.8395122899,18270.6792294304,9135.33961471518,"mima5_dhi",0.139339228660785,17291,57698434.999846,8039655.427813
"United Kingdom",1994,"uk94",18417.1295545408,18404.1421909172,9202.07109545858,"mima5_dhi",0.11065518047362,62364,54904063,6075419
"United Kingdom",1995,"uk95",18438.9432101288,18775.969492041,9387.98474602048,"mima5_dhi",0.117835875447822,59199,52354251,6169209
"United Kingdom",1996,"uk96",19291.0792112788,19338.9707154357,9669.48535771785,"mima5_dhi",0.118487424067841,57519,52712514,6245770
"United Kingdom",1997,"uk97",19904.8559719665,19880.4062259875,9940.20311299377,"mima5_dhi",0.119704626269341,53677,53671259,6424698
"United Kingdom",1998,"uk98",20642.8456292636,20623.0627098555,10311.5313549277,"mima5_dhi",0.124131905454756,51718,53588777,6652077
"United Kingdom",1999,"uk99",21124.3071072999,21388.0418723216,10694.0209361608,"mima5_dhi",0.13053904416919,56580,53994221,7048354
"United Kingdom",2000,"uk00",22152.2256294686,22095.6144031752,11047.8072015876,"mima5_dhi",0.119324001450848,53446,54100767,6455520
"United Kingdom",2001,"uk01",23115.9750236097,22735.1508589245,11367.5754294623,"mima5_dhi",0.10800270317409,57132,54393833,5874681
"United Kingdom",2002,"uk02",23442.7186262341,23398.9352113277,11699.4676056639,"mima5_dhi",0.111961206996355,67400,58304534,6527846
"United Kingdom",2003,"uk03",23840.5279080105,23920.823615779,11960.4118078895,"mima5_dhi",0.107513608087756,67123,58570316,6297106
"United Kingdom",2004,"uk04",24443.2288693158,24324.4127012671,12162.2063506336,"mima5_dhi",0.0936891983559673,65232,58877417,5516178
"United Kingdom",2005,"uk05",24761.6676517249,24769.3615063186,12384.6807531593,"mima5_dhi",0.10014242495746,64733,59327383,5941188
"United Kingdom",2006,"uk06",25133.9204510503,25120.9303503311,12560.4651751656,"mima5_dhi",0.106346258288306,59530,59733103,6352392
"United Kingdom",2007,"uk07",25667.4626514917,25286.9872779395,12643.4936389698,"mima5_dhi",0.103432966983958,56926,60181441,6224745
"United Kingdom",2008,"uk08",25598.372128073,25372.3971851258,12686.1985925629,"mima5_dhi",0.0978502802849228,57276,60631160,5932776
"United Kingdom",2009,"uk09",25273.5135073578,25273.567586363,12636.7837931815,"mima5_dhi",0.0939054734716397,57380,61084778,5736195
"United Kingdom",2010,"uk10",25188.7171876561,25087.0585495048,12543.5292747524,"mima5_dhi",0.0872865365765907,57928,61559551,5373320
"United Kingdom",2011,"uk11",24639.7724572364,24951.2176372435,12475.6088186218,"mima5_dhi",0.0836489807335757,47744,62439661,5223014
"United Kingdom",2012,"uk12",24734.917467201,25004.4866363587,12502.2433181793,"mima5_dhi",0.0871178962481089,46420,62841669,5474634
"United Kingdom",2013,"uk13",24919.1675667665,25139.6860329233,12569.8430164616,"mima5_dhi",0.0853034044510835,46166,62856741,5361894
"United Kingdom",2014,"uk14",25539.8585029334,25461.4030141014,12730.7015070507,"mima5_dhi",0.0864359159489989,44787,63413165,5481175
"United Kingdom",2015,"uk15",25864.714170479,25819.4836703897,12909.7418351948,"mima5_dhi",0.0901171000292425,43678,63907072,5759120
"United Kingdom",2016,"uk16",26248.357363127,26146.3704717147,13073.1852358573,"mima5_dhi",0.0913207734030228,44145,64421005,5882976
"United Kingdom",2017,"uk17",26525.3207486425,26552.8501870886,13276.4250935443,"mima5_dhi",0.0978926801497803,42847,64641350,6327915
"United Kingdom",2018,"uk18",26553.6015733915,26768.6639895351,13384.3319947676,"mima5_dhi",0.0972747173724488,43075,65464513,6368042
"United Kingdom",2019,"uk19",27572.257079803,27067.7905373992,13533.8952686996,"mima5_dhi",0.0987684083256831,43314,65614604,6480650
"United Kingdom",2020,"uk20",26943.7831827116,26943.7831827116,13471.8915913558,"mima5_dhi",0.0892109042045771,21254,66004521,5888323
"United Kingdom",2021,"uk21",27743.9901024472,27743.9901024472,13871.9950512236,"mima5_dhi",0.0973269751708929,34590,66332792,6455970
"United States",1985,"us85",29356.241390998,29356.241390998,14678.120695499,"mima5_dhi",0.177159021608966,157605,236748983.14,41942218.22
"United States",1986,"us86",30392.7410989889,30392.7410989889,15196.3705494945,"mima5_dhi",0.178799446647205,155407,238788969.88,42695335.68
"United States",1987,"us87",31573.1198573986,30906.4260843606,15453.2130421803,"mima5_dhi",0.173153528435929,155980,241186892.16,41762361.39
"United States",1988,"us88",31424.1697077469,31194.3017710794,15597.1508855397,"mima5_dhi",0.172759777344506,144687,243684940.83,42098956.12
"United States",1989,"us89",31785.8583666705,31215.1050312516,15607.5525156258,"mima5_dhi",0.169905323936639,158079,246191485.71,41829244.13
"United States",1990,"us90",30795.6198245921,30973.9427394085,15486.9713697042,"mima5_dhi",0.172543715884128,158477,248885794.42,42943679.8
"United States",1991,"us91",30496.7573998501,30676.8421858026,15338.4210929013,"mima5_dhi",0.175626041088739,155783,251415659.98,44155137.03
"United States",1992,"us92",30367.3083981827,30382.7088393687,15191.3544196843,"mima5_dhi",0.175560518219283,155197,254241069.42,44634693.9
"United States",1993,"us93",29938.6669397175,30394.975913369,15197.4879566845,"mima5_dhi",0.180165794267324,150943,259752595.16,46798532.62
"United States",1994,"us94",30315.1916345011,30544.3329100067,15272.1664550033,"mima5_dhi",0.170325987325498,149242,261300572.56,44506278.01
"United States",1995,"us95",30856.9551945939,30843.4713749553,15421.7356874777,"mima5_dhi",0.162817220486775,130081,263387262.12,42883981.93
"United States",1996,"us96",31243.5423830383,31495.2820282163,15747.6410141082,"mima5_dhi",0.169090345784434,131397,265695604.51,44926561.64
"United States",1997,"us97",31863.0007229261,32233.410750519,16116.7053752595,"mima5_dhi",0.169549239604844,131216,268119792.02,45459506.86
"United States",1998,"us98",33197.7202060223,32886.5437759057,16443.2718879529,"mima5_dhi",0.165739157956736,131874,270699759.81,44865550.25
"United States",1999,"us99",34005.8352460142,33418.4862377803,16709.2431188902,"mima5_dhi",0.163049729724921,133260,273056732.6,44521826.45
"United States",2000,"us00",34122.6203215276,33873.9378920533,16936.9689460266,"mima5_dhi",0.163780935897571,217670,278557010.68,45622327.91
"United States",2001,"us01",33903.2546924113,34110.1996285105,17055.0998142553,"mima5_dhi",0.170393772311721,216658,281118677.99,47900872.01
"United States",2002,"us02",34140.2589942908,34108.2898105879,17054.144905294,"mima5_dhi",0.172830196217942,215856,284951904.92,49248293.64
"United States",2003,"us03",34379.0288883086,34099.2213097487,17049.6106548743,"mima5_dhi",0.172347247121323,212723,287379141.92,49529003.99
"United States",2004,"us04",33996.2861564012,34164.5715619985,17082.2857809993,"mima5_dhi",0.168512221644824,210128,290242962.87,48909486.49
"United States",2005,"us05",34077.2778173315,34240.3138143657,17120.1569071828,"mima5_dhi",0.169537987623481,208023,292907883.16,49659013.07
"United States",2006,"us06",34230.0059536606,34066.7337227187,17033.3668613594,"mima5_dhi",0.165938982161412,206043,295695740.09,49067450.14
"United States",2007,"us07",34518.9702561264,34021.3272537779,17010.6636268889,"mima5_dhi",0.169636188208747,205795,297948890.35,50542914.04
"United States",2008,"us08",33511.1284300741,33875.1783017278,16937.5891508639,"mima5_dhi",0.172995924328902,207322,300319822.34,51954105.26
"United States",2009,"us09",33769.2538116969,33628.0552469362,16814.0276234681,"mima5_dhi",0.151912484462416,209078,303044871.94,46036299.4
"United States",2010,"us10",33346.533057081,33369.7691902674,16684.8845951337,"mima5_dhi",0.161892510436539,204342,304948220.13,49368832.91
"United States",2011,"us11",32994.3906797024,33287.3975316643,16643.6987658322,"mima5_dhi",0.162244223360334,200774,307673748.97,49918288.45
"United States",2012,"us12",33227.5399727825,33090.4350484081,16545.2175242041,"mima5_dhi",0.162116218161974,202013,310031353,50261110.46
"United States",2013,"us13",33099.2701370588,33212.9499859749,16606.4749929875,"mima5_dhi",0.163517983203639,139060,312489871.26,51097713.52
"United States",2014,"us14",32784.4413954159,33860.5126422,16930.2563211,"mima5_dhi",0.167367028288877,198479,315109775.2,52738986.66
"United States",2015,"us15",33959.1077449149,34509.3629020418,17254.6814510209,"mima5_dhi",0.159656727671768,184980,317786409.88,50736738.3
"United States",2016,"us16",36232.203960828,35468.9727479039,17734.486373952,"mima5_dhi",0.160698819308691,185412,319310408.32,51312805.61
"United States",2017,"us17",36471.7912719911,36945.2789948424,18472.6394974212,"mima5_dhi",0.174476511458113,179596,322116440.49,56201752.82
"United States",2018,"us18",37897.3193663697,38552.5134715847,19276.2567357923,"mima5_dhi",0.178271975620103,179645,323344392.07,57643243.58
"United States",2019,"us19",40165.9726301081,39752.6062332875,19876.3031166438,"mima5_dhi",0.170020575192353,157571,324365876.41,55148872.88
"United States",2020,"us20",41995.2801286265,41995.2801286265,20997.6400643133,"mima5_dhi",0.156455118564162,163127,325255375.58,50887868.35
"United States",2021,"us21",42232.667769342,42232.667769342,21116.333884671,"mima5_dhi",0.143262557807661,152341,327724724.23,46950682.25
