"country","year","dname","median","mima5_mhi","pl","pl_origin","pr","n_obs","total_pop","n_poor"
"Canada",1985,"ca85",26748.4422020951,26748.4422020951,13374.2211010476,"mima5_mhi",0.251030935915484,95641,25389066,6373441
"Canada",1986,"ca86",28295.7664078162,28295.7664078162,14147.8832039081,"mima5_mhi",0.240609546968355,85712,25730388,6190977
"Canada",1987,"ca87",28918.8338155312,28818.4150392154,14409.2075196077,"mima5_mhi",0.234818056609648,91944,26024221,6110957
"Canada",1988,"ca88",29907.8604770466,29420.7229969777,14710.3614984888,"mima5_mhi",0.233870827042392,82793,26365952,6166227
"Canada",1989,"ca89",30221.1722935877,29356.6932594219,14678.3466297109,"mima5_mhi",0.223001027942244,104650,26730101,5960840
"Canada",1990,"ca90",29759.9819909068,29129.543261263,14564.7716306315,"mima5_mhi",0.2376745148747,115101,27147471,6452262
"Canada",1991,"ca91",27975.6177200372,28515.7368321527,14257.8684160763,"mima5_mhi",0.259769088079579,106313,27556308,7158277
"Canada",1992,"ca92",27783.0838247365,28019.851524459,14009.9257622295,"mima5_mhi",0.262280008013409,98064,27968121,7335479
"Canada",1993,"ca93",26838.8283314952,27578.9787916407,13789.4893958203,"mima5_mhi",0.271635940520657,97260,28384241,7710180
"Canada",1994,"ca94",27741.7457551193,27271.383800613,13635.6919003065,"mima5_mhi",0.259945208824849,97973,28794418,7484971
"Canada",1995,"ca95",27555.6183268152,27083.4047544819,13541.7023772409,"mima5_mhi",0.255446557627858,85049,29135926,7442672
"Canada",1996,"ca96",26437.6427648988,27332.7507394861,13666.375369743,"mima5_mhi",0.282501239662192,79020,28868912.4131,8155503.5444
"Canada",1997,"ca97",26843.1885940809,27614.2027781985,13807.1013890993,"mima5_mhi",0.277804627766116,79001,29104363.5616,8085326.8856
"Canada",1998,"ca98",28085.5582565162,28092.9914507807,14046.4957253903,"mima5_mhi",0.26844562890944,79433,29318916.3693,7870534.9437
"Canada",1999,"ca99",29149.0059486816,28823.5028074591,14411.7514037296,"mima5_mhi",0.257376543680811,74174,29693589.9966,7642433.5628
"Canada",2000,"ca00",29949.5616897258,29534.6592702854,14767.3296351427,"mima5_mhi",0.249229440931838,72850,29988472.9864,7474010.3568
"Canada",2001,"ca01",30090.1995482911,29978.5362141284,14989.2681070642,"mima5_mhi",0.25313201586315,74398,30321453.0352,7675330.5307
"Canada",2002,"ca02",30398.9709082121,30267.1648393523,15133.5824196762,"mima5_mhi",0.250718219161961,70639,30610997.0179,7674734.6591
"Canada",2003,"ca03",30304.9429757315,30541.4934364224,15270.7467182112,"mima5_mhi",0.25658795159523,71418,30893154.9865,7926811.3563
"Canada",2004,"ca04",30592.1490748012,30831.9074706939,15415.953735347,"mima5_mhi",0.256062398450684,68542,31174918.9842,7982724.5266
"Canada",2005,"ca05",31321.2046750761,31241.2366666535,15620.6183333268,"mima5_mhi",0.248126987580507,66010,31516412.991,7820072.6148
"Canada",2006,"ca06",31542.2697196488,31800.7597033382,15900.3798516691,"mima5_mhi",0.2481965022165,66646,31853379.9989,7905897.4995
"Canada",2007,"ca07",32445.6168880102,32169.1282961738,16084.5641480869,"mima5_mhi",0.238361060881217,64783,32194011.0156,7673798.6197
"Canada",2008,"ca08",33102.5581591548,32431.4482122395,16215.7241061197,"mima5_mhi",0.241635514155444,60898,32567047.0113,7869355.1491
"Canada",2009,"ca09",32433.9920389791,32807.1387201141,16403.5693600571,"mima5_mhi",0.262331126645562,62116,32970037.997,8649067.2133
"Canada",2010,"ca10",32632.8042554044,33152.8260392615,16576.4130196308,"mima5_mhi",0.265200051993149,60362,33324460.007,8837648.5265
"Canada",2011,"ca11",33420.7222590221,33511.5360898756,16755.7680449378,"mima5_mhi",0.251384284192494,57836,33666426.99,8463210.6502
"Canada",2012,"ca12",34174.0534837472,34047.0782770986,17023.5391385493,"mima5_mhi",0.256361084948862,57540,33682117.2013,8634784.1091
"Canada",2013,"ca13",34896.1084122252,34561.937814755,17280.9689073775,"mima5_mhi",0.260449316507903,54483,34017360.8562,8859798.3844
"Canada",2014,"ca14",35111.7029750941,34763.2987657602,17381.6493828801,"mima5_mhi",0.241188042102812,55552,34432065.1795,8304602.3862
"Canada",2015,"ca15",35207.1019436861,34958.9523628477,17479.4761814239,"mima5_mhi",0.257208597405365,59730,34747526.6844,8937362.6018
"Canada",2016,"ca16",34427.5270140484,35178.4155553064,17589.2077776532,"mima5_mhi",0.25457202732732,62149,35158296.4989,8950318.8171
"Canada",2017,"ca17",35152.3214691847,35421.483788165,17710.7418940825,"mima5_mhi",0.258599718869549,91885,35556042.9083,9194782.7002
"Canada",2018,"ca18",35993.4243745189,35333.4440423886,17666.7220211943,"mima5_mhi",0.243218137954562,93936,36065191.4712,8771708.7146
"Canada",2019,"ca19",36327.0441393868,35789.4444404865,17894.7222202432,"mima5_mhi",0.241480146568846,72354,36482530.2849,8809806.7604
"Canada",2020,"ca20",34766.9032148041,34766.9032148041,17383.4516074021,"mima5_mhi",0.258583313572115,123135,36696967.5905,9489223.4776
"Canada",2021,"ca21",36707.5290045378,36707.5290045378,18353.7645022689,"mima5_mhi",0.249447323438309,89511,37110618.0299,9257144.3387
"Germany",1985,"de85",27827.0295118736,27827.0295118736,13913.5147559368,"mima5_mhi",0.268581821388981,13956,60547419.65,16261936.25
"Germany",1986,"de86",29099.1455594429,29099.1455594429,14549.5727797214,"mima5_mhi",0.262661742485927,13709,60811512.78,15972857.91
"Germany",1987,"de87",30152.1271109402,30167.0459712835,15083.5229856418,"mima5_mhi",0.259941292984606,13069,60910434.23,15833137.03
"Germany",1988,"de88",31502.2814514016,31161.6036692581,15580.8018346291,"mima5_mhi",0.258542201119554,12645,61403151.56,15875305.96
"Germany",1989,"de89",32254.6462227593,31210.2121606749,15605.1060803375,"mima5_mhi",0.243766217497624,12495,62752830.22,15297020.06
"Germany",1990,"de90",32799.8180017465,31127.5548658159,15563.777432908,"mima5_mhi",0.24434967457847,12490,62822346.24,15350619.86
"Germany",1991,"de91",29342.1880165269,30774.0656640828,15387.0328320414,"mima5_mhi",0.269386828367905,17921,80116894.73,21582436.17
"Germany",1992,"de92",29738.8406366454,30052.9566807216,15026.4783403608,"mima5_mhi",0.275128077488099,17610,80849758.64,22244038.66
"Germany",1993,"de93",29734.8354427359,29278.2719423891,14639.1359711946,"mima5_mhi",0.275846691971203,17216,81128517.91,22379033.29
"Germany",1994,"de94",28649.1013059533,29188.2756480981,14594.1378240491,"mima5_mhi",0.293255418865026,17812,81486943.37,23896487.71
"Germany",1995,"de95",28926.3943100841,28870.7279315308,14435.3639657654,"mima5_mhi",0.292878997135658,17424,81726197.01,23935886.62
"Germany",1996,"de96",28892.2065450719,28729.4535030638,14364.7267515319,"mima5_mhi",0.297818256264998,17105,82005631.61,24422774.21
"Germany",1997,"de97",28151.1020538087,28920.4185803338,14460.2092901669,"mima5_mhi",0.306634235741513,18860,81769376.63,25073290.31
"Germany",1998,"de98",29028.4633004012,29102.834038347,14551.4170191735,"mima5_mhi",0.298469066676404,18097,81896763.28,24443650.5
"Germany",1999,"de99",29603.9266923033,29012.4048401226,14506.2024200613,"mima5_mhi",0.297398871110331,31990,81906921.97,24359026.13
"Germany",2000,"de00",29838.4716001499,29125.681704583,14562.8408522915,"mima5_mhi",0.300428264071339,28890,82013041.37,24639035.65
"Germany",2001,"de01",28440.0605539498,28956.0150801818,14478.0075400909,"mima5_mhi",0.309896257539048,30261,82204551.75,25474882.94
"Germany",2002,"de02",28717.4863761109,28527.3669224943,14263.6834612472,"mima5_mhi",0.319035536603825,28935,82285261.54,26251922.57
"Germany",2003,"de03",28180.1301783951,27994.8754059541,13997.437702977,"mima5_mhi",0.326648738317926,28060,82231105.31,26860686.8
"Germany",2004,"de04",27460.6859038658,27934.7707769754,13967.3853884877,"mima5_mhi",0.329922760179925,26824,82170188.82,27109815.5
"Germany",2005,"de05",27176.0140174488,27876.747213419,13938.3736067095,"mima5_mhi",0.343625185671954,28791,82078800.35,28204343.01
"Germany",2006,"de06",28139.5374090562,27936.8459151139,13968.422957557,"mima5_mhi",0.338605514916991,26737,81951587.43,27749259.46
"Germany",2007,"de07",28427.3685583292,28115.5864558251,14057.7932279125,"mima5_mhi",0.329663667667078,24999,81872974.45,26990545.04
"Germany",2008,"de08",28480.6236868697,28389.7219879262,14194.8609939631,"mima5_mhi",0.325909908265651,23338,81590346.03,26591102.19
"Germany",2009,"de09",28354.3886074215,28535.3669384177,14267.6834692089,"mima5_mhi",0.3289429105267,37581,81356884.23,26761770.29
"Germany",2010,"de10",28546.6916779542,28475.5577206593,14237.7788603296,"mima5_mhi",0.331300576932208,44132,79750508.51,26421389.48
"Germany",2011,"de11",28867.762161514,28383.7239592508,14191.8619796254,"mima5_mhi",0.325287230264549,42526,79839541.93,25970783.46
"Germany",2012,"de12",28128.322469537,28516.928653165,14258.4643265825,"mima5_mhi",0.334037433313084,47815,80061579.73,26743564.6
"Germany",2013,"de13",28021.4548798272,28900.0853771795,14450.0426885897,"mima5_mhi",0.337176937001637,41636,80412486.13,27113235.77
"Germany",2014,"de14",29020.4120769925,29286.4017824181,14643.200891209,"mima5_mhi",0.337047332723503,41214,81035321.15,27312738.85
"Germany",2015,"de15",30462.4752980266,29975.8621266868,14987.9310633434,"mima5_mhi",0.330222651062401,36940,81426771.13,26888964.23
"Germany",2016,"de16",30799.3441877071,30872.8783397776,15436.4391698888,"mima5_mhi",0.329574690776293,45720,82096466.65,27056917.61
"Germany",2017,"de17",31575.6241908806,31797.4908336598,15898.7454168299,"mima5_mhi",0.331849253238243,47899,82251488.36,27295094.99
"Germany",2018,"de18",32506.5359452813,32542.0332721713,16271.0166360857,"mima5_mhi",0.324821253114135,48520,82500600.94,26797948.58
"Germany",2019,"de19",33643.4745464037,33267.6761261145,16633.8380630572,"mima5_mhi",0.326310596806474,50558,82886497.94,27046742.61
"Germany",2020,"de20",34185.1874905839,34185.1874905839,17092.5937452919,"mima5_mhi",0.32493865731846,31206,81409719.54,26453164.96
"Germany",2021,"de21",34427.5584574229,34427.5584574229,17213.7792287115,"mima5_mhi",0.318040772019995,50086,82782240.38,26328127.64
"United Kingdom",1985,"uk85",16734.8957428382,16734.8957428382,8367.44787141911,"mima5_mhi",0.28015584726861,18206,56549823.999219,15842763.855392
"United Kingdom",1986,"uk86",16660.4469894115,16660.4469894115,8330.22349470575,"mima5_mhi",0.302503737730034,18330,56750920.2316747,17167365.4897006
"United Kingdom",1987,"uk87",17852.8704986767,18044.9915939483,9022.49579697416,"mima5_mhi",0.290350918588211,18735,56799654.000501,16491831.714538
"United Kingdom",1988,"uk88",19170.6126702675,18706.3448090091,9353.17240450454,"mima5_mhi",0.268520102543059,18280,56903792.999933,15279812.331431
"United Kingdom",1989,"uk89",19806.1320685477,19407.7375130861,9703.86875654305,"mima5_mhi",0.278395961427278,18590,57058909.002261,15884969.829676
"United Kingdom",1990,"uk90",20041.661818142,19604.7427843557,9802.37139217783,"mima5_mhi",0.268164250945838,17437,57219609.000482,15344253.587028
"United Kingdom",1991,"uk91",20167.4105097965,19487.8864033776,9743.94320168881,"mima5_mhi",0.280021853222271,17089,57433922.999685,16082753.556197
"United Kingdom",1992,"uk92",18837.8968550245,19307.1119214474,9653.55596072369,"mima5_mhi",0.309357335980877,18174,57579567.000642,17812661.454251
"United Kingdom",1993,"uk93",18586.3307653773,19163.6565405027,9581.82827025133,"mima5_mhi",0.313346958343051,17291,57698434.999846,18079629.108356
"United Kingdom",1994,"uk94",18902.2596588965,19225.0721199528,9612.53605997642,"mima5_mhi",0.325641460852053,62650,55169228,17965388
"United Kingdom",1995,"uk95",19324.3849134184,19641.340206248,9820.67010312402,"mima5_mhi",0.328339204561783,60626,53795102,17663041
"United Kingdom",1996,"uk96",20474.4884070475,20306.1635254009,10153.0817627005,"mima5_mhi",0.320130485975499,58533,53834751,17234145
"United Kingdom",1997,"uk97",20919.2372865005,20956.8675129154,10478.4337564577,"mima5_mhi",0.307104201798295,53765,53753794,16508016
"United Kingdom",1998,"uk98",21910.4473611418,21808.0734261567,10904.0367130783,"mima5_mhi",0.312492164045097,51817,53694796,16779203
"United Kingdom",1999,"uk99",22155.7795964691,22559.3647875249,11279.6823937625,"mima5_mhi",0.315657503420598,56580,53994221,17043681
"United Kingdom",2000,"uk00",23580.4144796246,23231.938283579,11615.9691417895,"mima5_mhi",0.300682299984103,53450,54105087,16268442
"United Kingdom",2001,"uk01",24230.9452138886,23769.4252566673,11884.7126283337,"mima5_mhi",0.298366838755416,57132,54393833,16229316
"United Kingdom",2002,"uk02",24282.104766771,24419.0601892417,12209.5300946208,"mima5_mhi",0.301748694192462,67400,58304534,17593317
"United Kingdom",2003,"uk03",24597.8822265834,24765.7766366815,12382.8883183407,"mima5_mhi",0.304166243528548,67123,58570316,17815113
"United Kingdom",2004,"uk04",25403.9542593407,25098.4939392559,12549.2469696279,"mima5_mhi",0.298260248067608,65232,58877417,17560793
"United Kingdom",2005,"uk05",25313.9967168237,25514.4612113233,12757.2306056616,"mima5_mhi",0.305278356876116,64733,59327383,18111366
"United Kingdom",2006,"uk06",25894.5317267606,25787.9375488042,12893.9687744021,"mima5_mhi",0.299693806296987,59530,59733103,17901641
"United Kingdom",2007,"uk07",26361.9411271079,25655.8923398334,12827.9461699167,"mima5_mhi",0.296714945725544,56926,60181441,17856733
"United Kingdom",2008,"uk08",25965.2639139884,25486.5669240998,12743.2834620499,"mima5_mhi",0.301155330031621,57276,60631160,18259397
"United Kingdom",2009,"uk09",24743.7282144865,25089.6185530834,12544.8092765417,"mima5_mhi",0.312801071324185,57380,61084778,19107384
"United Kingdom",2010,"uk10",24467.3696381555,24559.520284407,12279.7601422035,"mima5_mhi",0.31583216063418,57928,61559551,19442486
"United Kingdom",2011,"uk11",23909.7898716789,24137.9735022297,12068.9867511149,"mima5_mhi",0.307099441170893,47744,62439661,19175185
"United Kingdom",2012,"uk12",23711.4497837258,24121.5011784737,12060.7505892369,"mima5_mhi",0.311246762080746,46420,62841669,19559266
"United Kingdom",2013,"uk13",23857.5300031018,24219.5385353427,12109.7692676714,"mima5_mhi",0.305944830960931,46166,62856741,19230695
"United Kingdom",2014,"uk14",24661.3665957067,24516.5364963265,12258.2682481633,"mima5_mhi",0.296075396962129,44787,63413165,18775078
"United Kingdom",2015,"uk15",24957.5564225004,24893.2342242897,12446.6171121448,"mima5_mhi",0.298660357964765,43678,63907072,19086509
"United Kingdom",2016,"uk16",25394.7796765978,25355.6833093479,12677.8416546739,"mima5_mhi",0.293449675303886,44145,64421005,18904323
"United Kingdom",2017,"uk17",25594.9384235416,25920.0383428145,12960.0191714072,"mima5_mhi",0.294390896848534,42847,64641350,19029825
"United Kingdom",2018,"uk18",26169.7754283928,26092.0288619241,13046.0144309621,"mima5_mhi",0.286256719566274,43079,65466837,18740322
"United Kingdom",2019,"uk19",27483.1417630398,26277.8693106818,13138.9346553409,"mima5_mhi",0.276110863977782,43314,65614604,18116905
"United Kingdom",2020,"uk20",25817.5090180485,25817.5090180485,12908.7545090242,"mima5_mhi",0.286573112166059,21254,66004521,18915121
"United Kingdom",2021,"uk21",26323.9819203862,26323.9819203862,13161.9909601931,"mima5_mhi",0.29623701049701,34590,66332792,19650228
"United States",1985,"us85",32226.6599770601,32226.6599770601,16113.3299885301,"mima5_mhi",0.262724520270563,157605,236748983.14,62199763.02
"United States",1986,"us86",33314.2316618317,33314.2316618317,16657.1158309159,"mima5_mhi",0.260807021996438,155407,238788969.88,62277840.12
"United States",1987,"us87",34162.3916978422,33787.209849361,16893.6049246805,"mima5_mhi",0.261499554122369,155980,241186892.16,63070264.76
"United States",1988,"us88",34301.0387422654,33999.925443081,16999.9627215405,"mima5_mhi",0.261614821756567,144687,243684940.83,63751592.36
"United States",1989,"us89",34931.7271678057,33851.3006007088,16925.6503003544,"mima5_mhi",0.257502137237498,158079,246191485.71,63394833.74
"United States",1990,"us90",33290.2379456599,33473.4163967102,16736.7081983551,"mima5_mhi",0.258988639308296,158477,248885794.42,64458593.24
"United States",1991,"us91",32571.1074499706,32896.8671957045,16448.4335978523,"mima5_mhi",0.271928838105942,155783,251415659.98,68367168.3
"United States",1992,"us92",32272.9706778495,32371.0143706258,16185.5071853129,"mima5_mhi",0.27489380031888,155197,254241069.42,69889293.77
"United States",1993,"us93",31418.2927372369,32246.0216371211,16123.0108185605,"mima5_mhi",0.282143862181077,150943,259752595.16,73287600.41
"United States",1994,"us94",32302.4630424118,32362.0476285406,16181.0238142703,"mima5_mhi",0.274779518225178,149242,261300572.56,71800045.44
"United States",1995,"us95",32665.2742781364,32780.3734707831,16390.1867353916,"mima5_mhi",0.268158570241795,130081,263387262.12,70629551.63
"United States",1996,"us96",33151.2374070682,33682.9516258631,16841.4758129316,"mima5_mhi",0.271143251288858,131397,265695604.51,72041570.06
"United States",1997,"us97",34364.5998890623,34545.1931842717,17272.5965921358,"mima5_mhi",0.269060526589618,131216,268119792.02,72140452.43
"United States",1998,"us98",35931.1835126371,35437.7480767617,17718.8740383809,"mima5_mhi",0.263474811799095,131874,270699759.81,71322568.27
"United States",1999,"us99",36613.6708344543,36112.8030816513,18056.4015408257,"mima5_mhi",0.260652910193067,133260,273056732.6,71173032
"United States",2000,"us00",37128.0487405867,36463.6713526228,18231.8356763114,"mima5_mhi",0.255017281512995,217670,278557010.68,71036851.61
"United States",2001,"us01",36526.5124315164,36465.8099945659,18232.904997283,"mima5_mhi",0.262402414515566,216658,281118677.99,73766219.87
"United States",2002,"us02",36118.9412439196,36280.5912693057,18140.2956346529,"mima5_mhi",0.267945967904428,215856,284951904.92,76351713.97
"United States",2003,"us03",35941.8767223526,36063.4425432078,18031.7212716039,"mima5_mhi",0.272194838523721,212723,287379141.92,78223119.13
"United States",2004,"us04",35687.5772081533,36044.9126863949,18022.4563431974,"mima5_mhi",0.27113810475139,210128,290242962.87,78695926.87
"United States",2005,"us05",36042.3051100973,36177.3921844385,18088.6960922192,"mima5_mhi",0.269407019260369,208023,292907883.16,78911439.72
"United States",2006,"us06",36433.8631474517,35960.6067264465,17980.3033632233,"mima5_mhi",0.262618323606435,206043,295695740.09,77655119.56
"United States",2007,"us07",36781.3387341376,35467.6748098494,17733.8374049247,"mima5_mhi",0.263138921906712,205795,297948890.35,78401949.79
"United States",2008,"us08",34857.9494323926,34829.6693121499,17414.8346560749,"mima5_mhi",0.273857219177789,207322,300319822.34,82244751.41
"United States",2009,"us09",33222.917625168,34053.6168753413,17026.8084376707,"mima5_mhi",0.288617334984362,209078,303044871.94,87464003.32
"United States",2010,"us10",32852.2776215995,33235.1737565287,16617.5868782643,"mima5_mhi",0.291719111074256,204342,304948220.13,88959223.7
"United States",2011,"us11",32553.6009634087,32894.3431758735,16447.1715879368,"mima5_mhi",0.292391038368281,200774,307673748.97,89961046.94
"United States",2012,"us12",32689.1231400744,33062.5978825108,16531.2989412554,"mima5_mhi",0.29189854411273,202013,310031353,90497700.57
"United States",2013,"us13",33153.796529117,33670.6318835554,16835.3159417777,"mima5_mhi",0.288047358549768,139060,312489871.26,90011881.99
"United States",2014,"us14",34064.1911583542,34564.3676506621,17282.183825331,"mima5_mhi",0.288334289414961,198479,315109775.2,90856953.12
"United States",2015,"us15",35892.4476268228,35532.0965221123,17766.0482610562,"mima5_mhi",0.280502047377231,184980,317786409.88,89139738.6
"United States",2016,"us16",37022.279798942,36589.6897597602,18294.8448798801,"mima5_mhi",0.278145793985498,185412,319310408.32,88814847.05
"United States",2017,"us17",37527.7674973257,37949.4000481453,18974.7000240727,"mima5_mhi",0.281316439211097,179596,322116440.49,90616650.05
"United States",2018,"us18",38441.7627173565,38471.3839523781,19235.6919761891,"mima5_mhi",0.273126895365735,179645,323344392.07,88314049.94
"United States",2019,"us19",40862.7426002798,39027.9620382105,19513.9810191052,"mima5_mhi",0.260405304913251,157571,324365876.41,84466594.95
"United States",2020,"us20",38502.3671479869,38502.3671479869,19251.1835739934,"mima5_mhi",0.284853856926376,163127,325255375.58,92650248.22
"United States",2021,"us21",39805.1702281036,39805.1702281036,19902.5851140518,"mima5_mhi",0.279406444707957,152341,327724724.23,91568400.04
